-- phpMyAdmin SQL Dump
-- version 5.2.0
-- https://www.phpmyadmin.net/
--
-- Host: 127.0.0.1
-- Waktu pembuatan: 26 Sep 2024 pada 08.24
-- Versi server: 10.4.27-MariaDB
-- Versi PHP: 8.2.0

SET SQL_MODE = "NO_AUTO_VALUE_ON_ZERO";
START TRANSACTION;
SET time_zone = "+00:00";


/*!40101 SET @OLD_CHARACTER_SET_CLIENT=@@CHARACTER_SET_CLIENT */;
/*!40101 SET @OLD_CHARACTER_SET_RESULTS=@@CHARACTER_SET_RESULTS */;
/*!40101 SET @OLD_COLLATION_CONNECTION=@@COLLATION_CONNECTION */;
/*!40101 SET NAMES utf8mb4 */;

--
-- Database: `ukk_noviani`
--

-- --------------------------------------------------------

--
-- Struktur dari tabel `album`
--

CREATE TABLE `album` (
  `albumid` int(11) NOT NULL,
  `namaalbum` varchar(255) NOT NULL,
  `deskripsi` text NOT NULL,
  `tanggalbuat` date NOT NULL,
  `userid` int(11) NOT NULL
) ENGINE=InnoDB DEFAULT CHARSET=utf8mb4 COLLATE=utf8mb4_general_ci;

--
-- Dumping data untuk tabel `album`
--

INSERT INTO `album` (`albumid`, `namaalbum`, `deskripsi`, `tanggalbuat`, `userid`) VALUES
(52, 'otomotif', 'mobil', '2024-09-26', 10),
(54, 'teknologi', '                                laptop                              ', '2024-09-26', 10),
(55, 'hewan', 'hewan hampir punah', '2024-09-26', 10);

-- --------------------------------------------------------

--
-- Struktur dari tabel `foto`
--

CREATE TABLE `foto` (
  `fotoid` int(11) NOT NULL,
  `judulfoto` varchar(255) NOT NULL,
  `deskripsifoto` text NOT NULL,
  `tanggalunggah` date NOT NULL,
  `lokasifile` varchar(255) NOT NULL,
  `albumid` int(11) NOT NULL,
  `userid` int(11) NOT NULL
) ENGINE=InnoDB DEFAULT CHARSET=utf8mb4 COLLATE=utf8mb4_general_ci;

--
-- Dumping data untuk tabel `foto`
--

INSERT INTO `foto` (`fotoid`, `judulfoto`, `deskripsifoto`, `tanggalunggah`, `lokasifile`, `albumid`, `userid`) VALUES
(63, 'becak', 'mobil jadul yaitu becak', '2024-09-26', '1945462482-becak.jpg', 52, 10),
(64, 'labtop', 'sangat canggih', '2024-09-26', '1491504465-Laptop RPL.jpg', 54, 10),
(65, 'koala', 'hewan sangat lucu', '2024-09-26', '1617662677-koala.webp', 55, 10);

-- --------------------------------------------------------

--
-- Struktur dari tabel `komentarfoto`
--

CREATE TABLE `komentarfoto` (
  `komentarid` int(11) NOT NULL,
  `fotoid` int(11) NOT NULL,
  `userid` int(11) NOT NULL,
  `isikomentar` text NOT NULL,
  `tanggalkomentar` date NOT NULL
) ENGINE=InnoDB DEFAULT CHARSET=utf8mb4 COLLATE=utf8mb4_general_ci;

--
-- Dumping data untuk tabel `komentarfoto`
--

INSERT INTO `komentarfoto` (`komentarid`, `fotoid`, `userid`, `isikomentar`, `tanggalkomentar`) VALUES
(16, 63, 10, 'transportasi tradisional yang unik', '2024-09-26'),
(17, 64, 10, 'laptop sangat praktis untuk di bawa kemana saja', '2024-09-26');

-- --------------------------------------------------------

--
-- Struktur dari tabel `likefoto`
--

CREATE TABLE `likefoto` (
  `likeid` int(11) NOT NULL,
  `fotoid` int(11) NOT NULL,
  `userid` int(11) NOT NULL,
  `tanggallike` date NOT NULL
) ENGINE=InnoDB DEFAULT CHARSET=utf8mb4 COLLATE=utf8mb4_general_ci;

--
-- Dumping data untuk tabel `likefoto`
--

INSERT INTO `likefoto` (`likeid`, `fotoid`, `userid`, `tanggallike`) VALUES
(101, 63, 11, '2024-09-26'),
(102, 64, 11, '2024-09-26'),
(103, 63, 12, '2024-09-26'),
(104, 64, 12, '2024-09-26'),
(105, 63, 10, '2024-09-26'),
(106, 64, 10, '2024-09-26'),
(107, 65, 10, '2024-09-26');

-- --------------------------------------------------------

--
-- Struktur dari tabel `user`
--

CREATE TABLE `user` (
  `userid` int(11) NOT NULL,
  `username` varchar(255) NOT NULL,
  `password` varchar(255) NOT NULL,
  `email` varchar(255) NOT NULL,
  `namalengkap` varchar(255) NOT NULL,
  `alamat` text NOT NULL
) ENGINE=InnoDB DEFAULT CHARSET=utf8mb4 COLLATE=utf8mb4_general_ci;

--
-- Dumping data untuk tabel `user`
--

INSERT INTO `user` (`userid`, `username`, `password`, `email`, `namalengkap`, `alamat`) VALUES
(10, 'noviani jumriah', 'd82d678e9583c1f5f283ec56fbf1abb7', 'novi@gmail.com', 'noviani jumriah', 'Indonesia'),
(11, 'admin', '21232f297a57a5a743894a0e4a801fc3', 'admin@gmail.com', 'administrator', 'admin'),
(12, 'noviani', '38f629170ac3ab74b9d6d2cc411c2f3c', 'noviani@gmail.com', 'noviani jumriah', 'Indonesia');

--
-- Indexes for dumped tables
--

--
-- Indeks untuk tabel `album`
--
ALTER TABLE `album`
  ADD PRIMARY KEY (`albumid`),
  ADD KEY `UserID` (`userid`);

--
-- Indeks untuk tabel `foto`
--
ALTER TABLE `foto`
  ADD PRIMARY KEY (`fotoid`),
  ADD KEY `UserID` (`userid`),
  ADD KEY `AlbumID` (`albumid`);

--
-- Indeks untuk tabel `komentarfoto`
--
ALTER TABLE `komentarfoto`
  ADD PRIMARY KEY (`komentarid`),
  ADD KEY `FotoID` (`fotoid`),
  ADD KEY `UserID` (`userid`);

--
-- Indeks untuk tabel `likefoto`
--
ALTER TABLE `likefoto`
  ADD PRIMARY KEY (`likeid`),
  ADD KEY `FotoID` (`fotoid`),
  ADD KEY `UserID` (`userid`);

--
-- Indeks untuk tabel `user`
--
ALTER TABLE `user`
  ADD PRIMARY KEY (`userid`);

--
-- AUTO_INCREMENT untuk tabel yang dibuang
--

--
-- AUTO_INCREMENT untuk tabel `album`
--
ALTER TABLE `album`
  MODIFY `albumid` int(11) NOT NULL AUTO_INCREMENT, AUTO_INCREMENT=56;

--
-- AUTO_INCREMENT untuk tabel `foto`
--
ALTER TABLE `foto`
  MODIFY `fotoid` int(11) NOT NULL AUTO_INCREMENT, AUTO_INCREMENT=66;

--
-- AUTO_INCREMENT untuk tabel `komentarfoto`
--
ALTER TABLE `komentarfoto`
  MODIFY `komentarid` int(11) NOT NULL AUTO_INCREMENT, AUTO_INCREMENT=18;

--
-- AUTO_INCREMENT untuk tabel `likefoto`
--
ALTER TABLE `likefoto`
  MODIFY `likeid` int(11) NOT NULL AUTO_INCREMENT, AUTO_INCREMENT=108;

--
-- AUTO_INCREMENT untuk tabel `user`
--
ALTER TABLE `user`
  MODIFY `userid` int(11) NOT NULL AUTO_INCREMENT, AUTO_INCREMENT=13;

--
-- Ketidakleluasaan untuk tabel pelimpahan (Dumped Tables)
--

--
-- Ketidakleluasaan untuk tabel `album`
--
ALTER TABLE `album`
  ADD CONSTRAINT `album_ibfk_1` FOREIGN KEY (`userid`) REFERENCES `user` (`userid`) ON DELETE CASCADE ON UPDATE CASCADE;

--
-- Ketidakleluasaan untuk tabel `foto`
--
ALTER TABLE `foto`
  ADD CONSTRAINT `foto_ibfk_1` FOREIGN KEY (`userid`) REFERENCES `user` (`userid`) ON DELETE CASCADE ON UPDATE CASCADE,
  ADD CONSTRAINT `foto_ibfk_2` FOREIGN KEY (`albumid`) REFERENCES `album` (`albumid`) ON DELETE CASCADE ON UPDATE CASCADE;

--
-- Ketidakleluasaan untuk tabel `komentarfoto`
--
ALTER TABLE `komentarfoto`
  ADD CONSTRAINT `komentarfoto_ibfk_1` FOREIGN KEY (`userid`) REFERENCES `user` (`userid`) ON DELETE CASCADE ON UPDATE CASCADE,
  ADD CONSTRAINT `komentarfoto_ibfk_2` FOREIGN KEY (`fotoid`) REFERENCES `foto` (`fotoid`) ON DELETE CASCADE ON UPDATE CASCADE;

--
-- Ketidakleluasaan untuk tabel `likefoto`
--
ALTER TABLE `likefoto`
  ADD CONSTRAINT `likefoto_ibfk_1` FOREIGN KEY (`userid`) REFERENCES `user` (`userid`) ON DELETE CASCADE ON UPDATE CASCADE,
  ADD CONSTRAINT `likefoto_ibfk_2` FOREIGN KEY (`fotoid`) REFERENCES `foto` (`fotoid`);
COMMIT;

/*!40101 SET CHARACTER_SET_CLIENT=@OLD_CHARACTER_SET_CLIENT */;
/*!40101 SET CHARACTER_SET_RESULTS=@OLD_CHARACTER_SET_RESULTS */;
/*!40101 SET COLLATION_CONNECTION=@OLD_COLLATION_CONNECTION */;
